{
  "generated_at": "2026-02-14T00:00:01.493096+00:00",
  "model": "lightgbm",
  "threshold": 0.167268,
  "threshold_type": "calibrated",
  "calibration_note": "Calibrated probs max at 0.431; high-risk (>0.7) uses uncalibrated probs",
  "test_set": "2023",
  "n_test": 25635,
  "n_dropouts": 3500,
  "dimensions": {
    "language": {
      "sensitive_feature": "p300a_harmonized (dummies)",
      "min_sample": 100,
      "groups": {
        "aimara": {
          "n_unweighted": 76,
          "n_weighted": 30761.13,
          "tpr": 0.737106,
          "fpr": 0.381175,
          "fnr": 0.262894,
          "precision": 0.208039,
          "pr_auc": 0.330502,
          "calibration_high_risk": {
            "n_predicted_high": 0,
            "actual_dropout_rate": null
          },
          "flagged_small_sample": true
        },
        "castellano": {
          "n_unweighted": 23170,
          "n_weighted": 6993371.01,
          "tpr": 0.367087,
          "fpr": 0.175292,
          "fnr": 0.632913,
          "precision": 0.243468,
          "pr_auc": 0.235478,
          "calibration_high_risk": {
            "n_predicted_high": 0,
            "actual_dropout_rate": null
          }
        },
        "foreign": {
          "n_unweighted": 43,
          "n_weighted": 14863.34,
          "tpr": 0.729483,
          "fpr": 0.419844,
          "fnr": 0.270517,
          "precision": 0.101659,
          "pr_auc": 0.425055,
          "calibration_high_risk": {
            "n_predicted_high": 0,
            "actual_dropout_rate": null
          },
          "flagged_small_sample": true
        },
        "other_indigenous": {
          "n_unweighted": 668,
          "n_weighted": 81089.87,
          "tpr": 0.784257,
          "fpr": 0.520539,
          "fnr": 0.215743,
          "precision": 0.201239,
          "pr_auc": 0.213096,
          "calibration_high_risk": {
            "n_predicted_high": 0,
            "actual_dropout_rate": null
          }
        },
        "quechua": {
          "n_unweighted": 1624,
          "n_weighted": 383407.23,
          "tpr": 0.583696,
          "fpr": 0.382207,
          "fnr": 0.416304,
          "precision": 0.220898,
          "pr_auc": 0.2617,
          "calibration_high_risk": {
            "n_predicted_high": 0,
            "actual_dropout_rate": null
          }
        },
        "unknown": {
          "n_unweighted": 54,
          "n_weighted": 14248.79,
          "tpr": 0.07775,
          "fpr": 0.310653,
          "fnr": 0.92225,
          "precision": 0.062151,
          "pr_auc": 0.218165,
          "calibration_high_risk": {
            "n_predicted_high": 0,
            "actual_dropout_rate": null
          },
          "flagged_small_sample": true
        }
      },
      "gaps": {
        "equalized_odds_tpr": 0.706507,
        "equalized_odds_fpr": 0.345247,
        "predictive_parity": 0.181317,
        "max_fnr_gap": 0.706507,
        "max_fnr_groups": [
          "unknown",
          "other_indigenous"
        ]
      }
    },
    "language_disaggregated": {
      "sensitive_feature": "p300a_original",
      "min_sample": 50,
      "groups": {
        "achuar": {
          "n_unweighted": 26,
          "n_weighted": 3969.81,
          "tpr": 0.810696,
          "fpr": 0.122052,
          "fnr": 0.189304,
          "precision": 0.582406,
          "pr_auc": 0.628305,
          "calibration_high_risk": {
            "n_predicted_high": 0,
            "actual_dropout_rate": null
          },
          "flagged_small_sample": true
        },
        "aimara": {
          "n_unweighted": 76,
          "n_weighted": 30761.13,
          "tpr": 0.737106,
          "fpr": 0.381175,
          "fnr": 0.262894,
          "precision": 0.208039,
          "pr_auc": 0.330502,
          "calibration_high_risk": {
            "n_predicted_high": 0,
            "actual_dropout_rate": null
          }
        },
        "ashaninka": {
          "n_unweighted": 150,
          "n_weighted": 20046.12,
          "tpr": 0.789983,
          "fpr": 0.625808,
          "fnr": 0.210017,
          "precision": 0.193007,
          "pr_auc": 0.246553,
          "calibration_high_risk": {
            "n_predicted_high": 0,
            "actual_dropout_rate": null
          }
        },
        "awajun": {
          "n_unweighted": 206,
          "n_weighted": 18846.74,
          "tpr": 0.675634,
          "fpr": 0.509618,
          "fnr": 0.324366,
          "precision": 0.255279,
          "pr_auc": 0.275872,
          "calibration_high_risk": {
            "n_predicted_high": 0,
            "actual_dropout_rate": null
          }
        },
        "castellano": {
          "n_unweighted": 23170,
          "n_weighted": 6993371.01,
          "tpr": 0.367087,
          "fpr": 0.175292,
          "fnr": 0.632913,
          "precision": 0.243468,
          "pr_auc": 0.235478,
          "calibration_high_risk": {
            "n_predicted_high": 0,
            "actual_dropout_rate": null
          }
        },
        "code_8": {
          "n_unweighted": 41,
          "n_weighted": 10777.43,
          "tpr": 0.0,
          "fpr": 0.147226,
          "fnr": 1.0,
          "precision": 0.0,
          "pr_auc": 0.314719,
          "calibration_high_risk": {
            "n_predicted_high": 0,
            "actual_dropout_rate": null
          },
          "flagged_small_sample": true
        },
        "code_9": {
          "n_unweighted": 13,
          "n_weighted": 3471.35,
          "tpr": 0.347668,
          "fpr": 0.803774,
          "fnr": 0.652332,
          "precision": 0.093296,
          "pr_auc": 0.142039,
          "calibration_high_risk": {
            "n_predicted_high": 0,
            "actual_dropout_rate": null
          },
          "flagged_small_sample": true
        },
        "english": {
          "n_unweighted": 40,
          "n_weighted": 14347.38,
          "tpr": 0.806912,
          "fpr": 0.433153,
          "fnr": 0.193088,
          "precision": 0.101659,
          "pr_auc": 0.45853,
          "calibration_high_risk": {
            "n_predicted_high": 0,
            "actual_dropout_rate": null
          },
          "flagged_small_sample": true
        },
        "matsigenka": {
          "n_unweighted": 11,
          "n_weighted": 2402.26,
          "tpr": 1.0,
          "fpr": 0.700355,
          "fnr": 0.0,
          "precision": 0.244515,
          "pr_auc": 0.618989,
          "calibration_high_risk": {
            "n_predicted_high": 0,
            "actual_dropout_rate": null
          },
          "flagged_small_sample": true
        },
        "other_foreign": {
          "n_unweighted": 3,
          "n_weighted": 515.96,
          "tpr": 0.0,
          "fpr": 0.0,
          "fnr": 1.0,
          "precision": NaN,
          "pr_auc": 1.0,
          "calibration_high_risk": {
            "n_predicted_high": 0,
            "actual_dropout_rate": null
          },
          "flagged_small_sample": true
        },
        "other_indigenous": {
          "n_unweighted": 178,
          "n_weighted": 23880.96,
          "tpr": 0.917854,
          "fpr": 0.491931,
          "fnr": 0.082146,
          "precision": 0.11885,
          "pr_auc": 0.258651,
          "calibration_high_risk": {
            "n_predicted_high": 0,
            "actual_dropout_rate": null
          }
        },
        "quechua": {
          "n_unweighted": 1624,
          "n_weighted": 383407.23,
          "tpr": 0.583696,
          "fpr": 0.382207,
          "fnr": 0.416304,
          "precision": 0.220898,
          "pr_auc": 0.2617,
          "calibration_high_risk": {
            "n_predicted_high": 0,
            "actual_dropout_rate": null
          }
        },
        "shawi": {
          "n_unweighted": 36,
          "n_weighted": 5068.68,
          "tpr": 0.858975,
          "fpr": 0.930469,
          "fnr": 0.141025,
          "precision": 0.183065,
          "pr_auc": 0.172894,
          "calibration_high_risk": {
            "n_predicted_high": 0,
            "actual_dropout_rate": null
          },
          "flagged_small_sample": true
        },
        "shipibo": {
          "n_unweighted": 61,
          "n_weighted": 6875.31,
          "tpr": 0.783333,
          "fpr": 0.241443,
          "fnr": 0.216667,
          "precision": 0.305102,
          "pr_auc": 0.243404,
          "calibration_high_risk": {
            "n_predicted_high": 0,
            "actual_dropout_rate": null
          }
        }
      },
      "gaps": {
        "equalized_odds_tpr": 1.0,
        "equalized_odds_fpr": 0.930469,
        "predictive_parity": 0.582406,
        "max_fnr_gap": 1.0,
        "max_fnr_groups": [
          "code_8",
          "matsigenka"
        ]
      }
    },
    "sex": {
      "sensitive_feature": "es_mujer",
      "min_sample": 100,
      "groups": {
        "female": {
          "n_unweighted": 12424,
          "n_weighted": 3661180.77,
          "tpr": 0.368524,
          "fpr": 0.183568,
          "fnr": 0.631476,
          "precision": 0.235791,
          "pr_auc": 0.236593,
          "calibration_high_risk": {
            "n_predicted_high": 0,
            "actual_dropout_rate": null
          }
        },
        "male": {
          "n_unweighted": 13211,
          "n_weighted": 3856560.59,
          "tpr": 0.401457,
          "fpr": 0.197835,
          "fnr": 0.598543,
          "precision": 0.241508,
          "pr_auc": 0.23667,
          "calibration_high_risk": {
            "n_predicted_high": 0,
            "actual_dropout_rate": null
          }
        }
      },
      "gaps": {
        "equalized_odds_tpr": 0.032933,
        "equalized_odds_fpr": 0.014267,
        "predictive_parity": 0.005717,
        "max_fnr_gap": 0.032933,
        "max_fnr_groups": [
          "female",
          "male"
        ]
      }
    },
    "geography": {
      "sensitive_feature": "rural",
      "min_sample": 100,
      "groups": {
        "rural": {
          "n_unweighted": 9622,
          "n_weighted": 1683873.72,
          "tpr": 0.486069,
          "fpr": 0.326624,
          "fnr": 0.513931,
          "precision": 0.204385,
          "pr_auc": 0.223118,
          "calibration_high_risk": {
            "n_predicted_high": 0,
            "actual_dropout_rate": null
          }
        },
        "urban": {
          "n_unweighted": 16013,
          "n_weighted": 5833867.64,
          "tpr": 0.352911,
          "fpr": 0.152436,
          "fnr": 0.647089,
          "precision": 0.258324,
          "pr_auc": 0.239049,
          "calibration_high_risk": {
            "n_predicted_high": 0,
            "actual_dropout_rate": null
          }
        }
      },
      "gaps": {
        "equalized_odds_tpr": 0.133158,
        "equalized_odds_fpr": 0.174187,
        "predictive_parity": 0.053939,
        "max_fnr_gap": 0.133158,
        "max_fnr_groups": [
          "urban",
          "rural"
        ]
      }
    },
    "region": {
      "sensitive_feature": "region_natural",
      "min_sample": 100,
      "groups": {
        "costa": {
          "n_unweighted": 10125,
          "n_weighted": 3936296.98,
          "tpr": 0.323861,
          "fpr": 0.126828,
          "fnr": 0.676139,
          "precision": 0.274812,
          "pr_auc": 0.23527,
          "calibration_high_risk": {
            "n_predicted_high": 0,
            "actual_dropout_rate": null
          }
        },
        "selva": {
          "n_unweighted": 7052,
          "n_weighted": 1190965.23,
          "tpr": 0.40718,
          "fpr": 0.253967,
          "fnr": 0.59282,
          "precision": 0.203424,
          "pr_auc": 0.209298,
          "calibration_high_risk": {
            "n_predicted_high": 0,
            "actual_dropout_rate": null
          }
        },
        "sierra": {
          "n_unweighted": 8458,
          "n_weighted": 2390479.15,
          "tpr": 0.467849,
          "fpr": 0.266277,
          "fnr": 0.532151,
          "precision": 0.224696,
          "pr_auc": 0.249196,
          "calibration_high_risk": {
            "n_predicted_high": 0,
            "actual_dropout_rate": null
          }
        }
      },
      "gaps": {
        "equalized_odds_tpr": 0.143989,
        "equalized_odds_fpr": 0.139449,
        "predictive_parity": 0.071388,
        "max_fnr_gap": 0.143989,
        "max_fnr_groups": [
          "costa",
          "sierra"
        ]
      }
    },
    "poverty": {
      "sensitive_feature": "poverty_quintile",
      "min_sample": 100,
      "groups": {
        "Q1": {
          "n_unweighted": 2578,
          "n_weighted": 1489201.3,
          "tpr": 0.362204,
          "fpr": 0.114671,
          "fnr": 0.637796,
          "precision": 0.288046,
          "pr_auc": 0.252792,
          "calibration_high_risk": {
            "n_predicted_high": 0,
            "actual_dropout_rate": null
          }
        },
        "Q2": {
          "n_unweighted": 4260,
          "n_weighted": 1518280.68,
          "tpr": 0.316207,
          "fpr": 0.161707,
          "fnr": 0.683793,
          "precision": 0.260209,
          "pr_auc": 0.228153,
          "calibration_high_risk": {
            "n_predicted_high": 0,
            "actual_dropout_rate": null
          }
        },
        "Q3": {
          "n_unweighted": 6394,
          "n_weighted": 1515311.01,
          "tpr": 0.395873,
          "fpr": 0.167531,
          "fnr": 0.604127,
          "precision": 0.258398,
          "pr_auc": 0.247349,
          "calibration_high_risk": {
            "n_predicted_high": 0,
            "actual_dropout_rate": null
          }
        },
        "Q4": {
          "n_unweighted": 5989,
          "n_weighted": 1546588.66,
          "tpr": 0.349878,
          "fpr": 0.189795,
          "fnr": 0.650122,
          "precision": 0.22749,
          "pr_auc": 0.223003,
          "calibration_high_risk": {
            "n_predicted_high": 0,
            "actual_dropout_rate": null
          }
        },
        "Q5": {
          "n_unweighted": 6414,
          "n_weighted": 1448359.71,
          "tpr": 0.512005,
          "fpr": 0.327654,
          "fnr": 0.487995,
          "precision": 0.202517,
          "pr_auc": 0.242468,
          "calibration_high_risk": {
            "n_predicted_high": 0,
            "actual_dropout_rate": null
          }
        }
      },
      "gaps": {
        "equalized_odds_tpr": 0.195798,
        "equalized_odds_fpr": 0.212983,
        "predictive_parity": 0.085529,
        "max_fnr_gap": 0.195798,
        "max_fnr_groups": [
          "Q2",
          "Q5"
        ]
      }
    },
    "nationality": {
      "sensitive_feature": "es_peruano",
      "min_sample": 100,
      "groups": {
        "non_peruvian": {
          "n_unweighted": 27,
          "n_weighted": 7139.94,
          "tpr": 0.610579,
          "fpr": 0.806202,
          "fnr": 0.389421,
          "precision": 0.153864,
          "pr_auc": 0.292578,
          "calibration_high_risk": {
            "n_predicted_high": 0,
            "actual_dropout_rate": null
          },
          "flagged_small_sample": true
        },
        "peruvian": {
          "n_unweighted": 25608,
          "n_weighted": 7510601.42,
          "tpr": 0.385258,
          "fpr": 0.190332,
          "fnr": 0.614742,
          "precision": 0.239124,
          "pr_auc": 0.236246,
          "calibration_high_risk": {
            "n_predicted_high": 0,
            "actual_dropout_rate": null
          }
        }
      },
      "gaps": {
        "equalized_odds_tpr": 0.225321,
        "equalized_odds_fpr": 0.61587,
        "predictive_parity": 0.08526,
        "max_fnr_gap": 0.225321,
        "max_fnr_groups": [
          "peruvian",
          "non_peruvian"
        ]
      }
    }
  },
  "intersections": {
    "language_x_rural": {
      "groups": {
        "aimara_rural": {
          "n_unweighted": 51,
          "n_weighted": 16033.38,
          "tpr": 0.737106,
          "fpr": 0.449592,
          "fnr": 0.262894,
          "precision": 0.328052,
          "pr_auc": 0.571654,
          "calibration_high_risk": {
            "n_predicted_high": 0,
            "actual_dropout_rate": null
          }
        },
        "aimara_urban": {
          "n_unweighted": 25,
          "n_weighted": 14727.75,
          "tpr": NaN,
          "fpr": 0.323782,
          "fnr": NaN,
          "precision": 0.0,
          "pr_auc": 0.0,
          "calibration_high_risk": {
            "n_predicted_high": 0,
            "actual_dropout_rate": null
          },
          "flagged_small_sample": true
        },
        "castellano_rural": {
          "n_unweighted": 7572,
          "n_weighted": 1329830.74,
          "tpr": 0.432212,
          "fpr": 0.295649,
          "fnr": 0.567788,
          "precision": 0.192141,
          "pr_auc": 0.203703,
          "calibration_high_risk": {
            "n_predicted_high": 0,
            "actual_dropout_rate": null
          }
        },
        "castellano_urban": {
          "n_unweighted": 15598,
          "n_weighted": 5663540.27,
          "tpr": 0.350831,
          "fpr": 0.147302,
          "fnr": 0.649169,
          "precision": 0.265257,
          "pr_auc": 0.243069,
          "calibration_high_risk": {
            "n_predicted_high": 0,
            "actual_dropout_rate": null
          }
        },
        "other_indigenous_rural": {
          "n_unweighted": 579,
          "n_weighted": 62970.39,
          "tpr": 0.829031,
          "fpr": 0.62765,
          "fnr": 0.170969,
          "precision": 0.213274,
          "pr_auc": 0.239398,
          "calibration_high_risk": {
            "n_predicted_high": 0,
            "actual_dropout_rate": null
          }
        },
        "other_indigenous_urban": {
          "n_unweighted": 89,
          "n_weighted": 18119.48,
          "tpr": 0.247257,
          "fpr": 0.195657,
          "fnr": 0.752743,
          "precision": 0.061556,
          "pr_auc": 0.054765,
          "calibration_high_risk": {
            "n_predicted_high": 0,
            "actual_dropout_rate": null
          }
        },
        "quechua_rural": {
          "n_unweighted": 1390,
          "n_weighted": 270242.43,
          "tpr": 0.603298,
          "fpr": 0.409012,
          "fnr": 0.396702,
          "precision": 0.235987,
          "pr_auc": 0.282424,
          "calibration_high_risk": {
            "n_predicted_high": 0,
            "actual_dropout_rate": null
          }
        },
        "quechua_urban": {
          "n_unweighted": 234,
          "n_weighted": 113164.8,
          "tpr": 0.514441,
          "fpr": 0.322265,
          "fnr": 0.485559,
          "precision": 0.174634,
          "pr_auc": 0.22851,
          "calibration_high_risk": {
            "n_predicted_high": 0,
            "actual_dropout_rate": null
          }
        }
      },
      "gaps": {
        "equalized_odds_tpr": 0.581774,
        "equalized_odds_fpr": 0.480348,
        "predictive_parity": 0.328052,
        "max_fnr_gap": 0.581774,
        "max_fnr_groups": [
          "('other_indigenous', 'urban')",
          "('other_indigenous', 'rural')"
        ]
      }
    },
    "sex_x_poverty": {
      "groups": {
        "female_Q1": {
          "n_unweighted": 1247,
          "n_weighted": 748747.4,
          "tpr": 0.3623,
          "fpr": 0.108266,
          "fnr": 0.6377,
          "precision": 0.308915,
          "pr_auc": 0.297331,
          "calibration_high_risk": {
            "n_predicted_high": 0,
            "actual_dropout_rate": null
          }
        },
        "female_Q2": {
          "n_unweighted": 2066,
          "n_weighted": 737631.53,
          "tpr": 0.30222,
          "fpr": 0.143828,
          "fnr": 0.69778,
          "precision": 0.277088,
          "pr_auc": 0.242049,
          "calibration_high_risk": {
            "n_predicted_high": 0,
            "actual_dropout_rate": null
          }
        },
        "female_Q3": {
          "n_unweighted": 3116,
          "n_weighted": 731400.56,
          "tpr": 0.388317,
          "fpr": 0.167432,
          "fnr": 0.611683,
          "precision": 0.254585,
          "pr_auc": 0.237038,
          "calibration_high_risk": {
            "n_predicted_high": 0,
            "actual_dropout_rate": null
          }
        },
        "female_Q4": {
          "n_unweighted": 2938,
          "n_weighted": 757345.7,
          "tpr": 0.336342,
          "fpr": 0.179746,
          "fnr": 0.663658,
          "precision": 0.223463,
          "pr_auc": 0.218821,
          "calibration_high_risk": {
            "n_predicted_high": 0,
            "actual_dropout_rate": null
          }
        },
        "female_Q5": {
          "n_unweighted": 3057,
          "n_weighted": 686055.58,
          "tpr": 0.472894,
          "fpr": 0.330288,
          "fnr": 0.527106,
          "precision": 0.179392,
          "pr_auc": 0.220252,
          "calibration_high_risk": {
            "n_predicted_high": 0,
            "actual_dropout_rate": null
          }
        },
        "male_Q1": {
          "n_unweighted": 1331,
          "n_weighted": 740453.9,
          "tpr": 0.3621,
          "fpr": 0.121085,
          "fnr": 0.6379,
          "precision": 0.26826,
          "pr_auc": 0.224173,
          "calibration_high_risk": {
            "n_predicted_high": 0,
            "actual_dropout_rate": null
          }
        },
        "male_Q2": {
          "n_unweighted": 2194,
          "n_weighted": 780649.15,
          "tpr": 0.329734,
          "fpr": 0.178531,
          "fnr": 0.670266,
          "precision": 0.246879,
          "pr_auc": 0.219449,
          "calibration_high_risk": {
            "n_predicted_high": 0,
            "actual_dropout_rate": null
          }
        },
        "male_Q3": {
          "n_unweighted": 3278,
          "n_weighted": 783910.45,
          "tpr": 0.402907,
          "fpr": 0.167623,
          "fnr": 0.597093,
          "precision": 0.261918,
          "pr_auc": 0.261531,
          "calibration_high_risk": {
            "n_predicted_high": 0,
            "actual_dropout_rate": null
          }
        },
        "male_Q4": {
          "n_unweighted": 3051,
          "n_weighted": 789242.95,
          "tpr": 0.362069,
          "fpr": 0.199535,
          "fnr": 0.637931,
          "precision": 0.230972,
          "pr_auc": 0.229214,
          "calibration_high_risk": {
            "n_predicted_high": 0,
            "actual_dropout_rate": null
          }
        },
        "male_Q5": {
          "n_unweighted": 3357,
          "n_weighted": 762304.13,
          "tpr": 0.543855,
          "fpr": 0.325246,
          "fnr": 0.456145,
          "precision": 0.222858,
          "pr_auc": 0.264236,
          "calibration_high_risk": {
            "n_predicted_high": 0,
            "actual_dropout_rate": null
          }
        }
      },
      "gaps": {
        "equalized_odds_tpr": 0.241635,
        "equalized_odds_fpr": 0.222022,
        "predictive_parity": 0.129523,
        "max_fnr_gap": 0.241635,
        "max_fnr_groups": [
          "('female', 'Q2')",
          "('male', 'Q5')"
        ]
      }
    },
    "language_x_region": {
      "groups": {
        "aimara_costa": {
          "n_unweighted": 8,
          "n_weighted": 1104.77,
          "tpr": NaN,
          "fpr": 0.476728,
          "fnr": NaN,
          "precision": 0.0,
          "pr_auc": 0.0,
          "calibration_high_risk": {
            "n_predicted_high": 0,
            "actual_dropout_rate": null
          },
          "flagged_small_sample": true
        },
        "aimara_selva": {
          "n_unweighted": 3,
          "n_weighted": 991.54,
          "tpr": NaN,
          "fpr": 0.741432,
          "fnr": NaN,
          "precision": 0.0,
          "pr_auc": 0.0,
          "calibration_high_risk": {
            "n_predicted_high": 0,
            "actual_dropout_rate": null
          },
          "flagged_small_sample": true
        },
        "aimara_sierra": {
          "n_unweighted": 65,
          "n_weighted": 28664.82,
          "tpr": 0.737106,
          "fpr": 0.362653,
          "fnr": 0.262894,
          "precision": 0.230337,
          "pr_auc": 0.341649,
          "calibration_high_risk": {
            "n_predicted_high": 0,
            "actual_dropout_rate": null
          }
        },
        "castellano_costa": {
          "n_unweighted": 10022,
          "n_weighted": 3903796.76,
          "tpr": 0.321036,
          "fpr": 0.124529,
          "fnr": 0.678964,
          "precision": 0.277492,
          "pr_auc": 0.235741,
          "calibration_high_risk": {
            "n_predicted_high": 0,
            "actual_dropout_rate": null
          }
        },
        "castellano_selva": {
          "n_unweighted": 6307,
          "n_weighted": 1099371.24,
          "tpr": 0.37341,
          "fpr": 0.233774,
          "fnr": 0.62659,
          "precision": 0.200288,
          "pr_auc": 0.20709,
          "calibration_high_risk": {
            "n_predicted_high": 0,
            "actual_dropout_rate": null
          }
        },
        "castellano_sierra": {
          "n_unweighted": 6841,
          "n_weighted": 1990203.01,
          "tpr": 0.44802,
          "fpr": 0.243499,
          "fnr": 0.55198,
          "precision": 0.228815,
          "pr_auc": 0.250105,
          "calibration_high_risk": {
            "n_predicted_high": 0,
            "actual_dropout_rate": null
          }
        },
        "other_indigenous_costa": {
          "n_unweighted": 9,
          "n_weighted": 2340.1,
          "tpr": NaN,
          "fpr": 0.555091,
          "fnr": NaN,
          "precision": 0.0,
          "pr_auc": 0.0,
          "calibration_high_risk": {
            "n_predicted_high": 0,
            "actual_dropout_rate": null
          },
          "flagged_small_sample": true
        },
        "other_indigenous_selva": {
          "n_unweighted": 657,
          "n_weighted": 78274.27,
          "tpr": 0.784257,
          "fpr": 0.518425,
          "fnr": 0.215743,
          "precision": 0.208643,
          "pr_auc": 0.218693,
          "calibration_high_risk": {
            "n_predicted_high": 0,
            "actual_dropout_rate": null
          }
        },
        "other_indigenous_sierra": {
          "n_unweighted": 2,
          "n_weighted": 475.5,
          "tpr": NaN,
          "fpr": 0.646868,
          "fnr": NaN,
          "precision": 0.0,
          "pr_auc": 0.0,
          "calibration_high_risk": {
            "n_predicted_high": 0,
            "actual_dropout_rate": null
          },
          "flagged_small_sample": true
        },
        "quechua_costa": {
          "n_unweighted": 47,
          "n_weighted": 12152.67,
          "tpr": 1.0,
          "fpr": 0.411517,
          "fnr": 0.0,
          "precision": 0.27551,
          "pr_auc": 0.535964,
          "calibration_high_risk": {
            "n_predicted_high": 0,
            "actual_dropout_rate": null
          },
          "flagged_small_sample": true
        },
        "quechua_selva": {
          "n_unweighted": 52,
          "n_weighted": 7689.73,
          "tpr": 0.827109,
          "fpr": 0.375944,
          "fnr": 0.172891,
          "precision": 0.47421,
          "pr_auc": 0.461532,
          "calibration_high_risk": {
            "n_predicted_high": 0,
            "actual_dropout_rate": null
          }
        },
        "quechua_sierra": {
          "n_unweighted": 1525,
          "n_weighted": 363564.84,
          "tpr": 0.561814,
          "fpr": 0.381316,
          "fnr": 0.438186,
          "precision": 0.212067,
          "pr_auc": 0.256062,
          "calibration_high_risk": {
            "n_predicted_high": 0,
            "actual_dropout_rate": null
          }
        }
      },
      "gaps": {
        "equalized_odds_tpr": 0.678964,
        "equalized_odds_fpr": 0.616903,
        "predictive_parity": 0.47421,
        "max_fnr_gap": 0.678964,
        "max_fnr_groups": [
          "('castellano', 'costa')",
          "('quechua', 'costa')"
        ]
      }
    }
  }
}