{
  "generated_at": "2026-02-14T00:00:19.530104+00:00",
  "model": "lightgbm",
  "computed_on": "test_2023",
  "n_test": 25635,
  "shap_space": "log_odds",
  "base_value": -0.342659,
  "feature_names": [
    "age",
    "is_secundaria_age",
    "es_mujer",
    "lang_castellano",
    "lang_quechua",
    "lang_aimara",
    "lang_other_indigenous",
    "lang_foreign",
    "rural",
    "is_sierra",
    "is_selva",
    "district_dropout_rate_admin_z",
    "nightlight_intensity_z",
    "poverty_index_z",
    "poverty_quintile",
    "es_peruano",
    "has_disability",
    "is_working",
    "juntos_participant",
    "log_income",
    "parent_education_years",
    "census_indigenous_lang_pct_z",
    "census_literacy_rate_z",
    "census_electricity_pct_z",
    "census_water_access_pct_z"
  ],
  "feature_labels_es": [
    "Edad",
    "Edad de secundaria (12+)",
    "Sexo femenino",
    "Lengua castellana",
    "Lengua quechua",
    "Lengua aimara",
    "Otra lengua indigena",
    "Lengua extranjera",
    "Zona rural",
    "Region Sierra",
    "Region Selva",
    "Tasa de desercion distrital (admin, z)",
    "Intensidad de luces nocturnas (z)",
    "Indice de pobreza (z)",
    "Quintil de pobreza",
    "Nacionalidad peruana",
    "Tiene discapacidad",
    "Trabaja",
    "Beneficiario JUNTOS",
    "Ingreso del hogar (log)",
    "Educacion de los padres (anos)",
    "Poblacion indigena del distrito (z)",
    "Tasa de alfabetismo del distrito (z)",
    "Acceso a electricidad del distrito (z)",
    "Acceso a agua del distrito (z)"
  ],
  "global_importance": {
    "age": 0.136471,
    "is_secundaria_age": 0.014711,
    "es_mujer": 0.002247,
    "lang_castellano": 0.005406,
    "lang_quechua": 0.000382,
    "lang_aimara": 0.0,
    "lang_other_indigenous": 0.005612,
    "lang_foreign": 0.0,
    "rural": 0.022915,
    "is_sierra": 0.003578,
    "is_selva": 0.003583,
    "district_dropout_rate_admin_z": 0.015964,
    "nightlight_intensity_z": 0.05299,
    "poverty_index_z": 0.033988,
    "poverty_quintile": 0.005921,
    "es_peruano": 0.0,
    "has_disability": 0.004675,
    "is_working": 0.048312,
    "juntos_participant": 0.001253,
    "log_income": 0.031751,
    "parent_education_years": 0.009199,
    "census_indigenous_lang_pct_z": 0.046867,
    "census_literacy_rate_z": 0.044226,
    "census_electricity_pct_z": 0.033085,
    "census_water_access_pct_z": 0.032332
  },
  "top_5_shap": [
    "age",
    "nightlight_intensity_z",
    "is_working",
    "census_indigenous_lang_pct_z",
    "census_literacy_rate_z"
  ],
  "top_5_lr": [
    "lang_other_indigenous",
    "lang_foreign",
    "lang_quechua",
    "is_secundaria_age",
    "lang_aimara"
  ],
  "overlap_count": 0,
  "overlap_features": [],
  "overlap_note": "Overlap < 3/5 because LR is a linear model where language dummies (categorical) dominate via large coefficients, while LightGBM SHAP captures nonlinear effects of continuous features (age, poverty, nightlights) that drive tree splits. Both identify equity-relevant features; the ranking difference reflects model paradigm, not contradictory findings.",
  "regional": {
    "costa": {
      "age": 0.144069,
      "is_secundaria_age": 0.016565,
      "es_mujer": 0.003534,
      "lang_castellano": 0.004292,
      "lang_quechua": 6.2e-05,
      "lang_aimara": 0.0,
      "lang_other_indigenous": 0.00407,
      "lang_foreign": 0.0,
      "rural": 0.01539,
      "is_sierra": 0.002615,
      "is_selva": 0.002303,
      "district_dropout_rate_admin_z": 0.014922,
      "nightlight_intensity_z": 0.065209,
      "poverty_index_z": 0.030003,
      "poverty_quintile": 0.006155,
      "es_peruano": 0.0,
      "has_disability": 0.004093,
      "is_working": 0.04286,
      "juntos_participant": 0.00097,
      "log_income": 0.028476,
      "parent_education_years": 0.01037,
      "census_indigenous_lang_pct_z": 0.044823,
      "census_literacy_rate_z": 0.045897,
      "census_electricity_pct_z": 0.033872,
      "census_water_access_pct_z": 0.032307
    },
    "sierra": {
      "age": 0.137198,
      "is_secundaria_age": 0.012762,
      "es_mujer": 0.001368,
      "lang_castellano": 0.006604,
      "lang_quechua": 0.000786,
      "lang_aimara": 0.0,
      "lang_other_indigenous": 0.003391,
      "lang_foreign": 0.0,
      "rural": 0.027745,
      "is_sierra": 0.003465,
      "is_selva": 0.003061,
      "district_dropout_rate_admin_z": 0.018697,
      "nightlight_intensity_z": 0.039863,
      "poverty_index_z": 0.042444,
      "poverty_quintile": 0.006051,
      "es_peruano": 0.0,
      "has_disability": 0.005025,
      "is_working": 0.052997,
      "juntos_participant": 0.001476,
      "log_income": 0.033786,
      "parent_education_years": 0.008217,
      "census_indigenous_lang_pct_z": 0.052041,
      "census_literacy_rate_z": 0.044588,
      "census_electricity_pct_z": 0.035567,
      "census_water_access_pct_z": 0.040015
    },
    "selva": {
      "age": 0.12469,
      "is_secundaria_age": 0.014387,
      "es_mujer": 0.001455,
      "lang_castellano": 0.005569,
      "lang_quechua": 0.000357,
      "lang_aimara": 0.0,
      "lang_other_indigenous": 0.010491,
      "lang_foreign": 0.0,
      "rural": 0.027928,
      "is_sierra": 0.005094,
      "is_selva": 0.006049,
      "district_dropout_rate_admin_z": 0.014182,
      "nightlight_intensity_z": 0.05119,
      "poverty_index_z": 0.029566,
      "poverty_quintile": 0.005429,
      "es_peruano": 0.0,
      "has_disability": 0.005092,
      "is_working": 0.050521,
      "juntos_participant": 0.001391,
      "log_income": 0.03401,
      "parent_education_years": 0.008694,
      "census_indigenous_lang_pct_z": 0.043596,
      "census_literacy_rate_z": 0.041392,
      "census_electricity_pct_z": 0.02898,
      "census_water_access_pct_z": 0.023153
    }
  },
  "es_peruano": {
    "mean_abs_shap": 0.0,
    "mean_signed_shap": 0.0,
    "rank": 25,
    "conditional": {
      "peruano_mean_shap": 0.0,
      "foreign_mean_shap": 0.0,
      "n_peruano": 25608,
      "n_foreign": 27
    }
  },
  "es_mujer": {
    "mean_abs_shap": 0.002247,
    "mean_signed_shap": -1.7e-05,
    "rank": 20,
    "conditional": {
      "female_mean_shap": -0.002237,
      "male_mean_shap": 0.002071,
      "n_female": 12424,
      "n_male": 13211
    }
  },
  "interactions": {
    "subsample_n": 1000,
    "key_pairs": [
      {
        "feature_a": "poverty_index_z",
        "feature_b": "census_indigenous_lang_pct_z",
        "mean_abs_interaction": 0.01151
      },
      {
        "feature_a": "nightlight_intensity_z",
        "feature_b": "census_electricity_pct_z",
        "mean_abs_interaction": 0.010547
      },
      {
        "feature_a": "nightlight_intensity_z",
        "feature_b": "poverty_index_z",
        "mean_abs_interaction": 0.009674
      },
      {
        "feature_a": "census_indigenous_lang_pct_z",
        "feature_b": "census_electricity_pct_z",
        "mean_abs_interaction": 0.009433
      },
      {
        "feature_a": "census_indigenous_lang_pct_z",
        "feature_b": "census_literacy_rate_z",
        "mean_abs_interaction": 0.008792
      }
    ],
    "focused_pairs": {
      "poverty_index_z_x_lang_other_indigenous": 0.001639,
      "rural_x_es_mujer": 0.000148
    }
  },
  "profiles": [
    {
      "profile_id": "lima_urban_castellano_male",
      "description_es": "Estudiante masculino, castellano, zona urbana de Lima",
      "feature_values": {
        "age": 15.0,
        "is_secundaria_age": 1.0,
        "es_mujer": 0.0,
        "lang_castellano": 1.0,
        "lang_quechua": 0.0,
        "lang_aimara": 0.0,
        "lang_other_indigenous": 0.0,
        "lang_foreign": 0.0,
        "rural": 0.0,
        "is_sierra": 0.0,
        "is_selva": 0.0,
        "district_dropout_rate_admin_z": -0.747512,
        "nightlight_intensity_z": 2.738529,
        "poverty_index_z": -0.213211,
        "poverty_quintile": 3.0,
        "es_peruano": 1.0,
        "has_disability": 1.0,
        "is_working": 1.0,
        "juntos_participant": 0.0,
        "log_income": 10.015708,
        "parent_education_years": 14.0,
        "census_indigenous_lang_pct_z": -0.887814,
        "census_literacy_rate_z": 0.851697,
        "census_electricity_pct_z": 0.986863,
        "census_water_access_pct_z": 1.186454
      },
      "shap_values": {
        "age": -0.098186,
        "is_secundaria_age": 0.013219,
        "es_mujer": 0.007522,
        "lang_castellano": -0.006585,
        "lang_quechua": 2.1e-05,
        "lang_aimara": 0.0,
        "lang_other_indigenous": -0.002886,
        "lang_foreign": 0.0,
        "rural": 0.001315,
        "is_sierra": -0.001761,
        "is_selva": -0.001819,
        "district_dropout_rate_admin_z": 0.022565,
        "nightlight_intensity_z": -0.108958,
        "poverty_index_z": -0.042631,
        "poverty_quintile": -0.051264,
        "es_peruano": 0.0,
        "has_disability": 0.041102,
        "is_working": 0.35212,
        "juntos_participant": 0.000444,
        "log_income": -0.015265,
        "parent_education_years": -0.047482,
        "census_indigenous_lang_pct_z": -0.042785,
        "census_literacy_rate_z": -0.140125,
        "census_electricity_pct_z": -0.01513,
        "census_water_access_pct_z": -0.00546
      },
      "predicted_probability": 0.1125,
      "base_value": -0.342659,
      "raw_prediction": -0.484688,
      "n_in_group": 1270,
      "flagged_small_sample": false
    },
    {
      "profile_id": "lima_urban_foreign",
      "description_es": "Estudiante extranjero en zona urbana de Lima",
      "feature_values": {
        "age": 17.0,
        "is_secundaria_age": 1.0,
        "es_mujer": 1.0,
        "lang_castellano": 1.0,
        "lang_quechua": 0.0,
        "lang_aimara": 0.0,
        "lang_other_indigenous": 0.0,
        "lang_foreign": 0.0,
        "rural": 0.0,
        "is_sierra": 0.0,
        "is_selva": 0.0,
        "district_dropout_rate_admin_z": -0.361218,
        "nightlight_intensity_z": 1.464792,
        "poverty_index_z": -1.069697,
        "poverty_quintile": 2.0,
        "es_peruano": 0.0,
        "has_disability": 0.0,
        "is_working": 0.0,
        "juntos_participant": 0.0,
        "log_income": 9.913211,
        "parent_education_years": 14.0,
        "census_indigenous_lang_pct_z": -1.276518,
        "census_literacy_rate_z": 0.748814,
        "census_electricity_pct_z": 1.012394,
        "census_water_access_pct_z": 1.17927
      },
      "shap_values": {
        "age": 0.718537,
        "is_secundaria_age": 0.015142,
        "es_mujer": -0.001155,
        "lang_castellano": 0.003036,
        "lang_quechua": 1.2e-05,
        "lang_aimara": 0.0,
        "lang_other_indigenous": -0.002393,
        "lang_foreign": 0.0,
        "rural": -0.006489,
        "is_sierra": -0.001281,
        "is_selva": -0.001057,
        "district_dropout_rate_admin_z": -0.000937,
        "nightlight_intensity_z": -0.043897,
        "poverty_index_z": 0.022281,
        "poverty_quintile": 0.003153,
        "es_peruano": 0.0,
        "has_disability": -0.002643,
        "is_working": -0.026419,
        "juntos_participant": -0.000646,
        "log_income": -0.007881,
        "parent_education_years": -0.010813,
        "census_indigenous_lang_pct_z": 0.052003,
        "census_literacy_rate_z": 0.007051,
        "census_electricity_pct_z": 0.014529,
        "census_water_access_pct_z": 0.003182
      },
      "predicted_probability": 0.326765,
      "base_value": -0.342659,
      "raw_prediction": 0.390656,
      "n_in_group": 2,
      "flagged_small_sample": true
    },
    {
      "profile_id": "sierra_rural_quechua",
      "description_es": "Estudiante quechuahablante rural de la Sierra",
      "feature_values": {
        "age": 13.0,
        "is_secundaria_age": 1.0,
        "es_mujer": 0.0,
        "lang_castellano": 0.0,
        "lang_quechua": 1.0,
        "lang_aimara": 0.0,
        "lang_other_indigenous": 0.0,
        "lang_foreign": 0.0,
        "rural": 1.0,
        "is_sierra": 1.0,
        "is_selva": 0.0,
        "district_dropout_rate_admin_z": 0.816506,
        "nightlight_intensity_z": -0.072982,
        "poverty_index_z": 2.457722,
        "poverty_quintile": 5.0,
        "es_peruano": 1.0,
        "has_disability": 0.0,
        "is_working": 0.0,
        "juntos_participant": 0.0,
        "log_income": 10.100526,
        "parent_education_years": 11.0,
        "census_indigenous_lang_pct_z": 1.215521,
        "census_literacy_rate_z": -1.583204,
        "census_electricity_pct_z": -0.66648,
        "census_water_access_pct_z": -0.335246
      },
      "shap_values": {
        "age": -0.074052,
        "is_secundaria_age": 0.009139,
        "es_mujer": 0.000729,
        "lang_castellano": 0.013349,
        "lang_quechua": 0.000979,
        "lang_aimara": 0.0,
        "lang_other_indigenous": 0.003991,
        "lang_foreign": 0.0,
        "rural": 0.041138,
        "is_sierra": 0.003381,
        "is_selva": 0.001907,
        "district_dropout_rate_admin_z": 0.013731,
        "nightlight_intensity_z": 0.0151,
        "poverty_index_z": 0.042776,
        "poverty_quintile": -0.008984,
        "es_peruano": 0.0,
        "has_disability": -0.003243,
        "is_working": -0.024021,
        "juntos_participant": 0.00053,
        "log_income": -0.021948,
        "parent_education_years": -0.006028,
        "census_indigenous_lang_pct_z": 0.058939,
        "census_literacy_rate_z": 0.039259,
        "census_electricity_pct_z": -0.019928,
        "census_water_access_pct_z": 0.014625
      },
      "predicted_probability": 0.154644,
      "base_value": -0.342659,
      "raw_prediction": -0.241292,
      "n_in_group": 1327,
      "flagged_small_sample": false
    },
    {
      "profile_id": "sierra_rural_castellano",
      "description_es": "Estudiante castellanohablante rural de la Sierra",
      "feature_values": {
        "age": 14.0,
        "is_secundaria_age": 1.0,
        "es_mujer": 0.0,
        "lang_castellano": 1.0,
        "lang_quechua": 0.0,
        "lang_aimara": 0.0,
        "lang_other_indigenous": 0.0,
        "lang_foreign": 0.0,
        "rural": 1.0,
        "is_sierra": 1.0,
        "is_selva": 0.0,
        "district_dropout_rate_admin_z": 0.52443,
        "nightlight_intensity_z": 0.0,
        "poverty_index_z": 1.620926,
        "poverty_quintile": 5.0,
        "es_peruano": 1.0,
        "has_disability": 0.0,
        "is_working": 0.0,
        "juntos_participant": 1.0,
        "log_income": 9.265029,
        "parent_education_years": 6.0,
        "census_indigenous_lang_pct_z": 1.900437,
        "census_literacy_rate_z": -2.439134,
        "census_electricity_pct_z": -1.118306,
        "census_water_access_pct_z": -1.073237
      },
      "shap_values": {
        "age": -0.074458,
        "is_secundaria_age": 0.004599,
        "es_mujer": 0.000601,
        "lang_castellano": 0.001291,
        "lang_quechua": 0.000666,
        "lang_aimara": 0.0,
        "lang_other_indigenous": 0.001835,
        "lang_foreign": 0.0,
        "rural": 0.05153,
        "is_sierra": 0.003625,
        "is_selva": 0.002856,
        "district_dropout_rate_admin_z": 0.021251,
        "nightlight_intensity_z": -0.041719,
        "poverty_index_z": 0.069126,
        "poverty_quintile": 0.003135,
        "es_peruano": 0.0,
        "has_disability": -0.003069,
        "is_working": -0.025958,
        "juntos_participant": 4.3e-05,
        "log_income": 0.084003,
        "parent_education_years": 0.008265,
        "census_indigenous_lang_pct_z": 0.044113,
        "census_literacy_rate_z": -0.063981,
        "census_electricity_pct_z": -0.052981,
        "census_water_access_pct_z": 0.016248
      },
      "predicted_probability": 0.14483,
      "base_value": -0.342659,
      "raw_prediction": -0.29164,
      "n_in_group": 3608,
      "flagged_small_sample": false
    },
    {
      "profile_id": "selva_rural_indigenous",
      "description_es": "Estudiante de lengua indigena rural de la Selva",
      "feature_values": {
        "age": 14.0,
        "is_secundaria_age": 1.0,
        "es_mujer": 1.0,
        "lang_castellano": 0.0,
        "lang_quechua": 0.0,
        "lang_aimara": 0.0,
        "lang_other_indigenous": 1.0,
        "lang_foreign": 0.0,
        "rural": 1.0,
        "is_sierra": 0.0,
        "is_selva": 1.0,
        "district_dropout_rate_admin_z": 1.221643,
        "nightlight_intensity_z": -0.246739,
        "poverty_index_z": 0.535741,
        "poverty_quintile": 4.0,
        "es_peruano": 1.0,
        "has_disability": 1.0,
        "is_working": 1.0,
        "juntos_participant": 1.0,
        "log_income": 9.956958,
        "parent_education_years": 11.0,
        "census_indigenous_lang_pct_z": -0.036645,
        "census_literacy_rate_z": -0.128551,
        "census_electricity_pct_z": 0.908722,
        "census_water_access_pct_z": -0.60889
      },
      "shap_values": {
        "age": -0.069687,
        "is_secundaria_age": 0.03001,
        "es_mujer": -0.000502,
        "lang_castellano": -0.012726,
        "lang_quechua": -2e-06,
        "lang_aimara": 0.0,
        "lang_other_indigenous": 0.027794,
        "lang_foreign": 0.0,
        "rural": 0.006334,
        "is_sierra": -0.00236,
        "is_selva": 0.001194,
        "district_dropout_rate_admin_z": 0.000517,
        "nightlight_intensity_z": 0.015596,
        "poverty_index_z": -0.01721,
        "poverty_quintile": 0.000574,
        "es_peruano": 0.0,
        "has_disability": 0.020254,
        "is_working": 0.231003,
        "juntos_participant": -0.004626,
        "log_income": -0.015421,
        "parent_education_years": -0.007424,
        "census_indigenous_lang_pct_z": 0.069201,
        "census_literacy_rate_z": 0.002987,
        "census_electricity_pct_z": -0.018367,
        "census_water_access_pct_z": -0.031689
      },
      "predicted_probability": 0.181415,
      "base_value": -0.342659,
      "raw_prediction": -0.117208,
      "n_in_group": 577,
      "flagged_small_sample": false
    },
    {
      "profile_id": "selva_rural_castellano",
      "description_es": "Estudiante castellanohablante rural de la Selva",
      "feature_values": {
        "age": 11.0,
        "is_secundaria_age": 0.0,
        "es_mujer": 1.0,
        "lang_castellano": 1.0,
        "lang_quechua": 0.0,
        "lang_aimara": 0.0,
        "lang_other_indigenous": 0.0,
        "lang_foreign": 0.0,
        "rural": 1.0,
        "is_sierra": 0.0,
        "is_selva": 1.0,
        "district_dropout_rate_admin_z": 0.62807,
        "nightlight_intensity_z": -0.842154,
        "poverty_index_z": -0.144298,
        "poverty_quintile": 3.0,
        "es_peruano": 1.0,
        "has_disability": 0.0,
        "is_working": 0.0,
        "juntos_participant": 0.0,
        "log_income": 10.555708,
        "parent_education_years": 9.0,
        "census_indigenous_lang_pct_z": 0.463285,
        "census_literacy_rate_z": -0.207142,
        "census_electricity_pct_z": 0.661146,
        "census_water_access_pct_z": -0.113195
      },
      "shap_values": {
        "age": -0.069165,
        "is_secundaria_age": -0.012785,
        "es_mujer": -0.001348,
        "lang_castellano": 0.004009,
        "lang_quechua": -4.5e-05,
        "lang_aimara": 0.0,
        "lang_other_indigenous": -0.007951,
        "lang_foreign": 0.0,
        "rural": 0.032499,
        "is_sierra": -0.001812,
        "is_selva": 0.005755,
        "district_dropout_rate_admin_z": 0.031826,
        "nightlight_intensity_z": 0.090352,
        "poverty_index_z": -0.014166,
        "poverty_quintile": -0.003157,
        "es_peruano": 0.0,
        "has_disability": -0.00195,
        "is_working": -0.024299,
        "juntos_participant": 0.000161,
        "log_income": -0.030737,
        "parent_education_years": -0.004394,
        "census_indigenous_lang_pct_z": 0.019257,
        "census_literacy_rate_z": 0.048176,
        "census_electricity_pct_z": 0.007217,
        "census_water_access_pct_z": -0.024579
      },
      "predicted_probability": 0.143296,
      "base_value": -0.342659,
      "raw_prediction": -0.299795,
      "n_in_group": 2769,
      "flagged_small_sample": false
    },
    {
      "profile_id": "female_secundaria_urban",
      "description_es": "Estudiante femenina de secundaria, zona urbana",
      "feature_values": {
        "age": 12.0,
        "is_secundaria_age": 1.0,
        "es_mujer": 1.0,
        "lang_castellano": 1.0,
        "lang_quechua": 0.0,
        "lang_aimara": 0.0,
        "lang_other_indigenous": 0.0,
        "lang_foreign": 0.0,
        "rural": 0.0,
        "is_sierra": 0.0,
        "is_selva": 0.0,
        "district_dropout_rate_admin_z": -0.804042,
        "nightlight_intensity_z": 0.659965,
        "poverty_index_z": -0.644104,
        "poverty_quintile": 3.0,
        "es_peruano": 1.0,
        "has_disability": 0.0,
        "is_working": 0.0,
        "juntos_participant": 0.0,
        "log_income": 10.840422,
        "parent_education_years": 11.0,
        "census_indigenous_lang_pct_z": -0.781857,
        "census_literacy_rate_z": 0.48589,
        "census_electricity_pct_z": 1.273896,
        "census_water_access_pct_z": 1.137472
      },
      "shap_values": {
        "age": -0.075885,
        "is_secundaria_age": 0.01742,
        "es_mujer": -0.008835,
        "lang_castellano": 0.002092,
        "lang_quechua": 1e-06,
        "lang_aimara": 0.0,
        "lang_other_indigenous": -0.005018,
        "lang_foreign": 0.0,
        "rural": -0.005458,
        "is_sierra": -0.001941,
        "is_selva": -0.003093,
        "district_dropout_rate_admin_z": -0.004766,
        "nightlight_intensity_z": 0.008671,
        "poverty_index_z": 0.021452,
        "poverty_quintile": -0.002111,
        "es_peruano": 0.0,
        "has_disability": -0.005232,
        "is_working": -0.030845,
        "juntos_participant": 0.000658,
        "log_income": -0.006929,
        "parent_education_years": 0.004577,
        "census_indigenous_lang_pct_z": -0.040555,
        "census_literacy_rate_z": 0.005905,
        "census_electricity_pct_z": 0.091837,
        "census_water_access_pct_z": 0.020299
      },
      "predicted_probability": 0.132371,
      "base_value": -0.342659,
      "raw_prediction": -0.360415,
      "n_in_group": 4120,
      "flagged_small_sample": false
    },
    {
      "profile_id": "female_secundaria_rural",
      "description_es": "Estudiante femenina de secundaria, zona rural",
      "feature_values": {
        "age": 14.0,
        "is_secundaria_age": 1.0,
        "es_mujer": 1.0,
        "lang_castellano": 1.0,
        "lang_quechua": 0.0,
        "lang_aimara": 0.0,
        "lang_other_indigenous": 0.0,
        "lang_foreign": 0.0,
        "rural": 1.0,
        "is_sierra": 1.0,
        "is_selva": 0.0,
        "district_dropout_rate_admin_z": 3.322702,
        "nightlight_intensity_z": -0.989174,
        "poverty_index_z": 0.373682,
        "poverty_quintile": 4.0,
        "es_peruano": 1.0,
        "has_disability": 1.0,
        "is_working": 0.0,
        "juntos_participant": 0.0,
        "log_income": 9.800267,
        "parent_education_years": 9.0,
        "census_indigenous_lang_pct_z": 2.018102,
        "census_literacy_rate_z": -1.161669,
        "census_electricity_pct_z": -1.83705,
        "census_water_access_pct_z": -0.645463
      },
      "shap_values": {
        "age": -0.066156,
        "is_secundaria_age": 0.002868,
        "es_mujer": -0.000748,
        "lang_castellano": -0.002779,
        "lang_quechua": 0.000787,
        "lang_aimara": 0.0,
        "lang_other_indigenous": -0.003302,
        "lang_foreign": 0.0,
        "rural": 0.040042,
        "is_sierra": 0.00042,
        "is_selva": -0.000982,
        "district_dropout_rate_admin_z": 0.022236,
        "nightlight_intensity_z": 0.151426,
        "poverty_index_z": -0.011621,
        "poverty_quintile": -0.003518,
        "es_peruano": 0.0,
        "has_disability": 0.013945,
        "is_working": -0.020528,
        "juntos_participant": 0.000247,
        "log_income": -0.001431,
        "parent_education_years": -0.009504,
        "census_indigenous_lang_pct_z": 0.005013,
        "census_literacy_rate_z": 0.081945,
        "census_electricity_pct_z": -0.029018,
        "census_water_access_pct_z": -0.03712
      },
      "predicted_probability": 0.160956,
      "base_value": -0.342659,
      "raw_prediction": -0.210435,
      "n_in_group": 2463,
      "flagged_small_sample": false
    },
    {
      "profile_id": "male_secundaria_urban",
      "description_es": "Estudiante masculino de secundaria, zona urbana",
      "feature_values": {
        "age": 16.0,
        "is_secundaria_age": 1.0,
        "es_mujer": 0.0,
        "lang_castellano": 1.0,
        "lang_quechua": 0.0,
        "lang_aimara": 0.0,
        "lang_other_indigenous": 0.0,
        "lang_foreign": 0.0,
        "rural": 0.0,
        "is_sierra": 1.0,
        "is_selva": 0.0,
        "district_dropout_rate_admin_z": 0.62807,
        "nightlight_intensity_z": 0.550633,
        "poverty_index_z": -1.366551,
        "poverty_quintile": 1.0,
        "es_peruano": 1.0,
        "has_disability": 0.0,
        "is_working": 0.0,
        "juntos_participant": 0.0,
        "log_income": 10.942529,
        "parent_education_years": 11.0,
        "census_indigenous_lang_pct_z": -0.650728,
        "census_literacy_rate_z": 1.11462,
        "census_electricity_pct_z": 0.970616,
        "census_water_access_pct_z": 1.330134
      },
      "shap_values": {
        "age": 0.153491,
        "is_secundaria_age": 0.019089,
        "es_mujer": 0.004706,
        "lang_castellano": -0.002428,
        "lang_quechua": 2e-05,
        "lang_aimara": 0.0,
        "lang_other_indigenous": -0.003754,
        "lang_foreign": 0.0,
        "rural": -0.009739,
        "is_sierra": -0.000614,
        "is_selva": -0.002153,
        "district_dropout_rate_admin_z": -0.002074,
        "nightlight_intensity_z": -0.041852,
        "poverty_index_z": 0.048501,
        "poverty_quintile": 0.000525,
        "es_peruano": 0.0,
        "has_disability": -0.00333,
        "is_working": -0.035246,
        "juntos_participant": 0.000438,
        "log_income": -0.006551,
        "parent_education_years": -0.000592,
        "census_indigenous_lang_pct_z": -0.027111,
        "census_literacy_rate_z": -0.070847,
        "census_electricity_pct_z": 0.009915,
        "census_water_access_pct_z": -0.041958
      },
      "predicted_probability": 0.133448,
      "base_value": -0.342659,
      "raw_prediction": -0.354225,
      "n_in_group": 4280,
      "flagged_small_sample": false
    },
    {
      "profile_id": "male_secundaria_rural",
      "description_es": "Estudiante masculino de secundaria, zona rural",
      "feature_values": {
        "age": 14.0,
        "is_secundaria_age": 1.0,
        "es_mujer": 0.0,
        "lang_castellano": 1.0,
        "lang_quechua": 0.0,
        "lang_aimara": 0.0,
        "lang_other_indigenous": 0.0,
        "lang_foreign": 0.0,
        "rural": 1.0,
        "is_sierra": 0.0,
        "is_selva": 0.0,
        "district_dropout_rate_admin_z": 0.505587,
        "nightlight_intensity_z": 0.187059,
        "poverty_index_z": -0.294997,
        "poverty_quintile": 3.0,
        "es_peruano": 1.0,
        "has_disability": 1.0,
        "is_working": 1.0,
        "juntos_participant": 1.0,
        "log_income": 10.045504,
        "parent_education_years": 11.0,
        "census_indigenous_lang_pct_z": 0.821548,
        "census_literacy_rate_z": -0.387187,
        "census_electricity_pct_z": -0.339989,
        "census_water_access_pct_z": 0.021995
      },
      "shap_values": {
        "age": -0.073116,
        "is_secundaria_age": 0.011463,
        "es_mujer": 0.001061,
        "lang_castellano": 0.001457,
        "lang_quechua": -1.5e-05,
        "lang_aimara": 0.0,
        "lang_other_indigenous": -0.005059,
        "lang_foreign": 0.0,
        "rural": 0.012714,
        "is_sierra": -0.001354,
        "is_selva": -0.001151,
        "district_dropout_rate_admin_z": 0.007826,
        "nightlight_intensity_z": 0.00405,
        "poverty_index_z": 0.001446,
        "poverty_quintile": -0.000959,
        "es_peruano": 0.0,
        "has_disability": 0.013984,
        "is_working": 0.231428,
        "juntos_participant": -0.001105,
        "log_income": -0.017163,
        "parent_education_years": -0.000761,
        "census_indigenous_lang_pct_z": -0.01322,
        "census_literacy_rate_z": 0.02307,
        "census_electricity_pct_z": -0.014897,
        "census_water_access_pct_z": -0.011327
      },
      "predicted_probability": 0.16864,
      "base_value": -0.342659,
      "raw_prediction": -0.174288,
      "n_in_group": 2645,
      "flagged_small_sample": false
    }
  ]
}